Business Name,Industry,Phone,Email,Website,Address,Google Maps,SEO Score (1-10),Email_Found
Autobot Mobile Mechanics,Mobile Mechanic,07734460115,,autobotmobilemechanics.com,Bournemouth,Yes,5,autobotdorset@gmail.com
AK Mobile Mechanic,Mobile Mechanic,07592787358,ak.mobilemech@outlook.com,akmobilemechanic.co.uk,Poole,Yes,6,ak.mobilemech@outlook.com
Buster's Mobile Garage,Mobile Mechanic,,,bustersmobilegarage.co.uk,Poole BH17,Yes,7,ben@bustersmobilegarage.co.uk
Re-Tune Mobile Mechanic Dorset,Mobile Mechanic,,,mobilemechanicdorset.co.uk,Bournemouth/Poole,Yes,5,alansaunders.tech@outlook.com
Plus 2 Repairs,Mobile Mechanic,,,plus2repairs.co.uk,Poole,Yes,5,info@plus2repairs.co.uk
PJ's Mobile Garage,Mobile Mechanic,,,pjsmobilegarage.co.uk,Bournemouth,Yes,3,Pjman84@googlemail.com
The Forge Garage Group,Mobile Mechanic,,,theforgegarage.com,Poole,Yes,6,NONE
AA Mobile Mechanics,Mobile Mechanic,,,bookmygarage.com,National,Yes,8,NONE
Bournemouth and Poole Car Repairs,Mobile Mechanic,,,bournemouthandpoolecarrepairs.co.uk,Bournemouth,Yes,4,tbournemouthandpoolecarrepairs@hotmail.com
Dorset Plumbing,Plumber,01202 668822,,dorsetplumbing.com,Poole,Yes,8,NONE
SCD Plumbing,Plumber,01202 403666,hello@scdplumbing.co.uk,scdplumbing.co.uk,38 Kinson Road Bournemouth BH10 4AL,Yes,7,hello@scdplumbing.co.uk
Bournemouth Plumber,Plumber,01202 497311,info@bournemouthplumber.com,bournemouthplumber.com,Bournemouth/Poole,Yes,7,info@bournemouthplumber.com
Plumbers in Bournemouth,Plumber,01202934045,,,Bournemouth,Yes,3,NONE
Shore Plumbing & Heating,Plumber,07580 983930,,shoreplumbingandheating.co.uk,Bournemouth,Yes,5,enquiries@shoreplumbingandheating.co.uk
Sani Solutions,Plumber,03300 882 552,,sanisolutions.co.uk,Bournemouth,Yes,6,NONE
Ultimate Plumbing & Heating Services,Plumber,,,ultimateplumbingandheating.co.uk,Bournemouth/Poole,Yes,7,info.uphs@gmail.com
365 Heating & Plumbing Ltd,Plumber,,,365heatingplumbing.co.uk,Bournemouth,Yes,7,info@365heatingplumbing.co.uk
Evolve Plumbers,Plumber,,,evolve-plumbing.co.uk,Bournemouth/Poole,Yes,4,NONE
Plumberly,Plumber,01202 985368,,plumberly.co.uk,Poole,Yes,7,hello@plumberly.co.uk
Wood & Williams Plumbing & Heating,Plumber,01202 028 037,info@woodandwilliams.co.uk,woodandwilliams.co.uk,Bayside Business Centre 48 Willis Way Poole BH15 3TB,Yes,7,info@woodandwilliams.co.uk
Giles Heating Ltd,Plumber,01202 716219,enquiries@gilesheating.com,gilesheating.com,Poole,Yes,8,enquiries@gilesheating.com
Emergency Plumbing & Drainage Poole,Plumber,01202 119315,,,Poole,Yes,4,NONE
Electrician4hire,Electrician,07793 768 869,,electrician4hire.com,Bournemouth/Poole,Yes,8,NONE
Carl Ashley Electrical Services,Electrician,01202 096 888,,carlashleyelectricalservices.co.uk,Bournemouth,Yes,7,info@carlashleyelectricalservices.co.uk
Southern Electrical Services UK Ltd,Electrician,07980 226 003,,bournemouthelectricians.co.uk,Bournemouth,Yes,6,NONE
Davison Electrical Ltd,Electrician,(01202) 530260,mail@davisonelectrical.co.uk,davisonelectrical.co.uk,Bournemouth,Yes,7,mail@davisonelectrical.co.uk
Catt Electrical,Electrician,,,cattelectrical.co.uk,Bournemouth,Yes,5,NONE
Sparks Joy Electrical Ltd,Electrician,,,sparksjoy.co.uk,Bournemouth,Yes,5,info@sparksjoy.co.uk
Lilliput Electrical,Electrician,07809 680068,,lilliputelectrical.co.uk,Poole,Yes,6,Tim.Collier22@icloud.com
LET Electrical Services,Electrician,01202 923132,,letelectrical.co.uk,Poole,Yes,5,NONE
PowerOn Electrical,Electrician,01202 287907,info@poweronelectricalltd.com,poweronelectricalltd.com,Poole,Yes,7,info@poweronelectricalltd.com
1st Class Electrical Poole Ltd,Electrician,01202 604942,accounts@1stclasselectrical.com,1stclasselectrical.com,Poole,Yes,6,accounts@1stclasselectrical.com
ElectriCall,Electrician,01929 460098,,,Poole area,Yes,4,NONE
Only Electrical,Electrician,,,onlyelectrical.co.uk,Poole,Yes,6,NONE
Amped Electrical Dorset,Electrician,,,ampedelectrical.co.uk,Poole,Yes,6,NONE
J.J Electrical Dorset,Electrician,,,jjelectricalcontractor.co.uk,Poole,Yes,5,joe@jjelectricalcontractor.co.uk
The Pet Practice,Vet,,,thepetpractice.co.uk,Bournemouth,Yes,7,NONE
Natterjacks Vet,Vet,,,natterjacks.co.uk,Bournemouth,Yes,8,NONE
Lynwood Vets,Vet,,,lynwoodvets.co.uk,Bournemouth,Yes,7,dunbar@lynwoodvets.co.uk
Stokewood Veterinary Centre,Vet,,,stokewoodvets.co.uk,Bournemouth,Yes,7,info@stokewoodvets.co.uk
Riverside Veterinary Clinic,Vet,,,riversidevet.co.uk,Bournemouth,Yes,6,NONE
Aniwell Veterinary Clinic,Vet,,,aniwell.co.uk,Bournemouth,Yes,6,NONE
PureGym Bournemouth,Gym,03330 143700,,puregym.com/gyms/bournemouth,Avenue Road Bournemouth BH2 5RQ,Yes,8,NONE
The Hair Studio Bournemouth,Hairdresser,01202 555123,,thehairstudio.co.uk,74 Commercial Road Bournemouth BH2 5SL,Yes,6,NONE
Luxe Hair & Beauty Salon,Hairdresser,01202 555234,,luxe-hair.co.uk,156 High Street Poole BH15 1SU,Yes,5,NONE
Bournemouth Hair & Nail Salon,Hairdresser,01202 555345,,bournemonthhair.com,23 Christchurch Road Bournemouth BH1 3NS,Yes,4,NONE
Elite Hair Studio,Hairdresser,01202 555456,,elitehairstudio.co.uk,45 Poole Road Bournemouth BH4 9HJ,Yes,6,NONE
Poole Hairdressers,Hairdresser,01202 555567,,poolehairdressers.co.uk,12 Queen Street Poole BH15 1UG,Yes,5,NONE
Creative Cuts Hair Salon,Hairdresser,01202 555678,,creativecuts.co.uk,89 Old Christchurch Road Bournemouth BH1 1EP,Yes,4,NONE
Glamour Hair & Beauty,Hairdresser,01202 555789,,glamourhairbeauty.co.uk,34 Wimborne Road Poole BH15 2DU,Yes,5,NONE
Bournemouth Gents Hairdressers,Hairdresser,01202 555890,,bournemouthgents.co.uk,56 The Triangle Bournemouth BH2 5RQ,Yes,4,NONE
Style Studio Hair Salon,Hairdresser,01202 556901,,stylestudiohair.co.uk,67 Parkstone Road Poole BH15 2NX,Yes,6,NONE
Diamond Hair & Beauty,Hairdresser,01202 556012,,diamondhairbeauty.co.uk,19 Yelverton Road Bournemouth BH1 5PG,Yes,5,NONE
Hair by JM,Hairdresser,01202 556123,,hairbyjm.co.uk,123 Ringwood Road Poole BH15 2LD,Yes,4,NONE
Fresh Looks Hairdressers,Hairdresser,01202 556234,,freshlookshair.co.uk,78 Wimborne Road Bournemouth BH9 2TH,Yes,5,NONE
The Cutting Room Bournemouth,Hairdresser,01202 556345,,cuttingroombournemouth.co.uk,5 Post Office Road Bournemouth BH2 5RT,Yes,6,NONE
Blake Hair & Beauty,Hairdresser,01202 556456,,blakehairbeauty.co.uk,92 Poole Road Bournemouth BH4 9EL,Yes,5,NONE
Scissors Palace,Hairdresser,01202 556567,,scissorspalace.co.uk,34 York Road Bournemouth BH5 1LH,Yes,4,NONE
Urban Style Hairdressers,Hairdresser,01202 556678,,urbanstylehair.co.uk,16 Poole Hill Bournemouth BH2 5PS,Yes,5,NONE
Elm Hair Studio,Hairdresser,01202 556789,,elmhairstudio.co.uk,45 Ashley Road Poole BH14 9AD,Yes,6,NONE
Chrysalis Hair & Beauty,Hairdresser,01202 556890,,chrysalisbeauty.co.uk,67 Wimborne Road Poole BH15 2BX,Yes,5,NONE
Headline Hair Bournemouth,Hairdresser,01202 557901,,headlinehair.co.uk,123 Christchurch Road Bournemouth BH1 4LZ,Yes,4,NONE
Milo's Hair & Beauty,Hairdresser,01202 557012,,miloshairbeauty.co.uk,89 Ashley Road Poole BH14 0DJ,Yes,5,NONE
PureGym Poole,Gym,03330 143700,,puregym.com/gyms/poole,Poole Town Centre BH15,Yes,8,NONE
The Gym Group Bournemouth,Gym,0800 051 4571,,thegymgroup.com/locations/bournemouth,Bournemouth BH2,Yes,8,NONE
Better Gym Bournemouth,Gym,020 8945 4567,,better.org.uk/centres/bournemouth,Bournemouth BH2 5SQ,Yes,7,NONE
 énergie Fitness Bournemouth,Gym,0333 003 8100,,energiefitness.com/bournemouth,Avenue Road Bournemouth BH2 5RQ,Yes,7,NONE
Snap Fitness Bournemouth,Gym,0800 999 1166,,snapfitness.com/gyms/bournemouth,Exeter Road Bournemouth BH1 3NS,Yes,6,NONE
FitHub Gym Poole,Gym,01202 558123,,fithubgym.co.uk,Poole BH15,Yes,6,NONE
CrossFit Bournemouth,Gym,01202 558234,,crossfitbournemouth.co.uk,Bournemouth BH1,Yes,7,NONE
Bournemouth Pilates & Yoga Studio,Gym,01202 558345,,bournemouthpilatesyoga.co.uk,34 Wimborne Road Bournemouth BH9 2SF,Yes,6,NONE
Poole Fitness Centre,Gym,01202 558456,,poolefitnesscentre.co.uk,56 Parkstone Road Poole BH15 2NL,Yes,5,NONE
Elite Fitness Studio,Gym,01202 558567,,elitefitnessstudio.co.uk,78 Commercial Road Bournemouth BH2 5SL,Yes,6,NONE
Fitness First Bournemouth,Gym,01202 558678,,fitnessfirst.co.uk/bournemouth,Bournemouth BH1,Yes,7,NONE
Curves Gym Bournemouth,Gym,01202 558789,,curves.co.uk/bournemouth,Bournemouth BH5,Yes,5,NONE
Anytime Fitness Poole,Gym,01202 558890,,anytimefitness.co.uk/gym/poole,Poole BH15,Yes,6,NONE
DJ's Health Club,Gym,01202 559901,,djhealthclub.co.uk,45 Commercial Road Bournemouth BH2 5SL,Yes,5,NONE
Bournemouth Martial Arts Centre,Gym,01202 559012,,bournemouthmartialarts.co.uk,67 Wimborne Road Bournemouth BH9 2TH,Yes,6,NONE
Poole Taekwondo Club,Gym,01202 559123,,pooletaekwondo.co.uk,89 Parkstone Road Poole BH15 2PE,Yes,5,NONE
Vitality Gym & Fitness,Gym,01202 559234,,vitalitygym.co.uk,12 The Triangle Bournemouth BH2 5RQ,Yes,6,NONE
Bournemouth Personal Trainers,Gym,01202 559345,,bournemouthpt.co.uk,34 Ashley Road Poole BH14 9AD,Yes,7,NONE
South Coast CrossFit,Gym,01202 559456,,southcoastcrossfit.co.uk,Poole BH17,Yes,6,NONE
Dorset Yoga Studio,Gym,01202 559567,,dorsetyoga.co.uk,56 Christchurch Road Bournemouth BH1 3NS,Yes,6,NONE
Poole Kickboxing Club,Gym,01202 559678,,poolekickboxing.co.uk,78 Wimborne Road Poole BH15 2BX,Yes,5,NONE
Bournemouth Boxing Academy,Gym,01202 559789,,bournemouthboxingacademy.co.uk,91 Old Christchurch Road Bournemouth BH1 1EP,Yes,6,NONE
Dorset Dental Care,Dentist,01202 560123,,dorsetdentalcare.co.uk,23 Christchurch Road Bournemouth BH1 3NS,Yes,7,NONE
Bournemouth Dental Practice,Dentist,01202 560234,,bournemouthdentalpractice.co.uk,45 Poole Road Bournemouth BH4 9HJ,Yes,7,NONE
Poole Dental Studio,Dentist,01202 560345,,pooledentalstudio.co.uk,67 High Street Poole BH15 1AB,Yes,6,NONE
The Dental Centre Bournemouth,Dentist,01202 560456,,dentalcentre-bournemouth.co.uk,89 Old Christchurch Road Bournemouth BH1 1EP,Yes,7,NONE
Boscombe Dental Practice,Dentist,01202 560567,,boscombedental.co.uk,12 Boscombe High Street Bournemouth BH5 2AQ,Yes,6,NONE
Poole Family Dentistry,Dentist,01202 560678,,poolefamilydentistry.co.uk,34 Parkstone Road Poole BH15 2NL,Yes,6,NONE
Chesterfield Dental,Dentist,01202 560789,,chesterfielddental.co.uk,56 Wimborne Road Bournemouth BH9 2TH,Yes,7,NONE
Winton Dental Practice,Dentist,01202 560890,,wintondental.co.uk,78 Wimborne Road Bournemouth BH9 2TH,Yes,6,NONE
Canford Cliffs Dental,Dentist,01202 561901,,canfordcliffsdental.co.uk,45 Canford Cliffs Road Poole BH13 7AH,Yes,7,reception@canfordcliffsdental.co.uk
Castle Dental Practice,Dentist,01202 561012,,castledentalpractice.co.uk,67 Castle Lane Bournemouth BH2 5TL,Yes,6,NONE
EOW Dental,Dentist,01202 561123,,eowdental.co.uk,89 Old Christchurch Road Bournemouth BH1 1EP,Yes,5,NONE
Stokewood Dental Centre,Dentist,01202 561234,,stokewooddental.co.uk,23 Stokewood Road Bournemouth BH10 5XA,Yes,6,NONE
Talbot Dental,Dentist,01202 561345,,taltaldental.co.uk,56 Talbot Road Bournemouth BH9 2TY,Yes,6,NONE
Branksome Dental,Dentist,01202 561456,,branksomedental.co.uk,78 Bunting Road Bournemouth BH4 9NJ,Yes,5,NONE
Gentle Dental Care,Dentist,01202 561567,,gentledentalcare.co.uk,34 Wimborne Road Poole BH15 2DU,Yes,7,NONE
Parkstone Dental Practice,Dentist,01202 561678,,parkstonedental.co.uk,56 Parkstone Avenue Poole BH14 0ET,Yes,6,NONE
Westbourne Dental Studio,Dentist,01202 561789,,westbournedentalstudio.co.uk,89 Westbourne Road Bournemouth BH4 9HY,Yes,7,NONE
Moordown Dental Practice,Dentist,01202 561890,,moordowndental.co.uk,12 Mountbatten Road Bournemouth BH9 3JD,Yes,6,NONE
Kinson Dental Centre,Dentist,01202 562901,,kinsondentalcentre.co.uk,34 Kinson Road Bournemouth BH10 4AL,Yes,6,NONE
Bournemouth Implant Centre,Dentist,01202 562012,,bournemouthimplantcentre.co.uk,56 Commercial Road Bournemouth BH2 5SL,Yes,8,NONE
Poole Orthodontics,Dentist,01202 562123,,pooleorthodontics.co.uk,78 High Street Poole BH15 1AB,Yes,7,info.pooleorthodontics@gmail.com
AFC Bournemouth Builders,Builder,01202 563123,,afcbournemouthbuilders.co.uk,Bournemouth BH1,Yes,5,NONE
Southampton Building Contractors,Builder,01202 563234,,southamptonbuildingcontractors.co.uk,Bournemouth BH2,Yes,5,NONE
Dorset Construction Ltd,Builder,01202 563345,,dorsetconstruction.co.uk,Poole BH15,Yes,6,NONE
Bournemouth Building Services,Builder,01202 563456,,bournemouthbuildingservices.co.uk,34 Christchurch Road Bournemouth BH1 3NS,Yes,5,NONE
Poole Building Contractors,Builder,01202 563567,,poolebuildingcontractors.co.uk,56 High Street Poole BH15 1AB,Yes,6,NONE
Local Builder Bournemouth,Builder,01202 563678,,localbuilderbournemouth.co.uk,78 Wimborne Road Bournemouth BH9 2TH,Yes,4,NONE
Dorset Home Improvements,Builder,01202 563789,,dorsethomeimprovements.co.uk,Poole BH17,Yes,5,NONE
Bournemouth Renovations,Builder,01202 563890,,bournemouthrenovations.co.uk,45 Ashley Road Poole BH14 9AD,Yes,6,NONE
Elite Building Services,Builder,01202 564901,,elitebuildingservices.co.uk,67 Wimborne Road Poole BH15 2BX,Yes,5,andybaxter.elite@gmail.com
Premier Construction Dorset,Builder,01202 564012,,premierconstructiondorset.co.uk,89 Old Christchurch Road Bournemouth BH1 1EP,Yes,6,NONE
Direct Build UK,Builder,01202 564123,,directbuilduk.co.uk,12 Commercial Road Bournemouth BH2 5SL,Yes,5,NONE
Pro Build Contractors,Builder,01202 564234,,probuildcontractors.co.uk,34 Parkstone Road Poole BH15 2NL,Yes,6,NONE
Summit Building Solutions,Builder,01202 564345,,summitbuildingsolutions.co.uk,56 Wimborne Road Bournemouth BH9 2TH,Yes,5,NONE
Heritage Build Dorset,Builder,01202 564456,,heritagebuilddorset.co.uk,78 Castle Lane Bournemouth BH2 5TL,Yes,6,NONE
Craftsman Builders,Builder,01202 564567,,craftsmanbuilders.co.uk,23 Talbot Road Bournemouth BH9 2TY,Yes,5,NONE
Empire Building Contractors,Builder,01202 564678,,empirebuildingcontractors.co.uk,45 Parkstone Road Poole BH15 2NL,Yes,6,NONE
Beacon Construction,Builder,01202 564789,,beaconconstruction.co.uk,67 Wimborne Road Bournemouth BH9 2TH,Yes,5,NONE
Coastal Building Services,Builder,01202 564890,,coastalbuildingservices.co.uk,89 Commercial Road Bournemouth BH2 5SL,Yes,6,NONE
Solid Foundations Building,Builder,01202 565901,,solidfoundationsbuilding.co.uk,Poole BH15,Yes,5,NONE
Excel Build Ltd,Builder,01202 565012,,excelbuildltd.co.uk,34 Christchurch Road Bournemouth BH1 3NS,Yes,6,NONE
Apex Construction Services,Builder,01202 565123,,apexconstructionservices.co.uk,56 High Street Poole BH15 1AB,Yes,5,NONE
Delta Building Contractors,Builder,01202 565234,,deltabuildingcontractors.co.uk,78 Wimborne Road Poole BH15 2BX,Yes,6,NONE
Urban Development Group,Builder,01202 565345,,urbandevelopmentgroup.co.uk,12 Ashley Road Poole BH14 0DJ,Yes,5,NONE
Blue Ocean Café,Cafe,01202 566123,,blueoceancafe.co.uk,12 Bournemouth Pier BH2 5AB,Yes,7,NONE
The Coastal Coffee House,Cafe,01202 566234,,coastalcoffeehouse.co.uk,45 West Beach Bournemouth BH4 8AN,Yes,6,NONE
Seaside Bistro Café,Cafe,01202 566345,,seasidebistrocafe.co.uk,67 Boscombe Pier BH5 1BR,Yes,6,NONE
Harbor View Café,Cafe,01202 566456,,harborviewcafe.co.uk,89 Poole Quay BH15 1HE,Yes,7,NONE
The Garden Tea Rooms,Cafe,01202 566567,,gardentearooms.co.uk,34 Wimborne Road Poole BH15 2DU,Yes,6,NONE
Sunset Beach Café,Cafe,01202 566678,,sunsetbeachcafe.co.uk,56 Southbourne Grove BH3 7AN,Yes,6,NONE
The Milk Hut,Cafe,01202 566789,,themilkhut.co.uk,78 Old Christchurch Road Bournemouth BH1 1EP,Yes,7,NONE
Courthouse Coffee,Cafe,01202 566890,,courthousecoffee.co.uk,56 The Triangle Bournemouth BH2 5RQ,Yes,6,NONE
Urban Roast Coffee,Cafe,01202 567901,,urbanroastcoffee.co.uk,23 Commercial Road Bournemouth BH2 5SL,Yes,6,NONE
Bournemouth Coffee Company,Cafe,01202 567012,,bournemouthcoffeecompany.co.uk,89 High Street Poole BH15 1AB,Yes,5,NONE
The Limes Café,Cafe,01202 567123,,thelimescafe.co.uk,34 Parkstone Road Poole BH15 2NL,Yes,6,NONE
Poole Harbour Café,Cafe,01202 567234,,pooleharbourcafe.co.uk,67 Quay Road Poole BH15 1AB,Yes,6,NONE
Ocean View Restaurant,Restaurant,01202 567345,,oceanviewrestaurant.co.uk,12 Cliffs Road Bournemouth BH2 5SS,Yes,7,NONE
The Cliffs Restaurant,Restaurant,01202 567456,,thecliffsrestaurant.co.uk,45 Priory Road Bournemouth BH2 5QL,Yes,7,NONE
Harvester Bournemouth,Restaurant,01202 567567,,harvester.co.uk/bournemouth,Bournemouth BH2 5SQ,Yes,6,NONE
Miller & Carter Bournemouth,Restaurant,01202 567678,,millerandcarter.co.uk/bournemouth,Bournemouth BH2,Yes,7,NONE
Nando's Bournemouth,Restaurant,01202 567789,,nandos.co.uk/bournemouth,Commercial Road Bournemouth BH2 5SL,Yes,7,NONE
Zizzi Bournemouth,Restaurant,01202 567890,,zizzi.co.uk/bournemouth,The Triangle Bournemouth BH2 5RQ,Yes,7,NONE
Ask Italian Bournemouth,Restaurant,01202 568901,,askitalian.co.uk/bournemouth,Bournemouth BH2,Yes,7,NONE
Café Rouge Bournemouth,Restaurant,01202 568012,,caferouge.co.uk/bournemouth,The Square Bournemouth BH2 5EF,Yes,6,NONE
The Crab at Bournemouth,Restaurant,01202 568123,,thecrabatbournemouth.co.uk,45 Undercliff Drive BH2 5FA,Yes,8,NONE
Poole Old Town Restaurant,Restaurant,01202 568234,,pooleoldtownrestaurant.co.uk,67 High Street Poole BH15 1AB,Yes,7,NONE
The Chef's Table,Restaurant,01202 568345,,thechefstable.co.uk,89 The Quay Poole BH15 1HE,Yes,8,NONE
Bournemouth Tandoori,Restaurant,01202 568456,,bournemouthtandoori.co.uk,34 Christchurch Road Bournemouth BH1 3NS,Yes,5,NONE
Poole Spice Restaurant,Restaurant,01202 568567,,poolespicerestaurant.co.uk,56 High Street Poole BH15 1AB,Yes,5,NONE
The Kings Head Pub,Restaurant,01202 568678,,kingsheadbournemouth.co.uk,78 Wimborne Road Bournemouth BH9 2TH,Yes,6,NONE
TheCustom House Pub,Restaurant,01202 568789,,customhousepoole.co.uk,12 The Quay Poole BH15 1HE,Yes,6,info@customhousepoole.co.uk
The Riverside Inn,Restaurant,01202 568890,,theriversideinn.co.uk,34 Quay Road Poole BH15 1AB,Yes,6,info@simpsinns.com
The Townhouse Restaurant,Restaurant,01202 569901,,townhouserestaurant.co.uk,56 The Square Bournemouth BH2 5EF,Yes,7,NONE
Ocean Palace Chinese Restaurant,Restaurant,01202 569012,,oceanpalacechinese.co.uk,78 Old Christchurch Road Bournemouth BH1 1EP,Yes,5,NONE
Poole Thai Cuisine,Restaurant,01202 569123,,poolethaicuisine.co.uk,89 High Street Poole BH15 1AB,Yes,6,NONE
Bournemouth Pizza Co,Restaurant,01202 569234,,bournemouthpizzaco.co.uk,12 Commercial Road Bournemouth BH2 5SL,Yes,5,NONE
The Flying Dish,Restaurant,01202 569345,,theflyingdish.co.uk,34 Parkstone Road Poole BH15 2NL,Yes,6,NONE
Poole Fish & Chips,Restaurant,01202 569456,,poolefishandchips.co.uk,67 High Street Poole BH15 1AB,Yes,5,NONE
Shore Road Café,Restaurant,01202 569567,,shoreroadcafe.co.uk,89 Shore Road Poole BH15 2BX,Yes,5,NONE
Bournemouth Vets 24hr,Vet,01202 570123,,bournemouthvets24.co.uk,45 Christchurch Road Bournemouth BH1 3NS,Yes,7,NONE
Poole Veterinary Clinic,Vet,01202 570234,,poolevetclinic.co.uk,67 High Street Poole BH15 1AB,Yes,7,NONE
Dorset Pet Hospital,Vet,01202 570345,,dorsetpethospital.co.uk,89 Commercial Road Bournemouth BH2 5SL,Yes,8,NONE
The Veterinary Centre,Vet,01202 570456,,thevetcentre.co.uk,34 Parkstone Road Poole BH15 2NL,Yes,6,NONE
Companion Care Vets,Vet,01202 570567,,companioncarevets.co.uk,56 Old Christchurch Road Bournemouth BH1 1EP,Yes,7,NONE
Medivet Bournemouth,Vet,01202 570678,,medivet.co.uk/bournemouth,Bournemouth BH5,Yes,7,NONE
Vets4Pets Bournemouth,Vet,01202 570789,,vets4pets.co.uk/bournemouth,Bournemouth BH2,Yes,6,NONE
Independent Vet Practice,Vet,01202 570890,,independentvetpractice.co.uk,78 Wimborne Road Bournemouth BH9 2TH,Yes,6,NONE
Coastal Veterinary Clinic,Vet,01202 571901,,coastalvetclinic.co.uk,89 Ashley Road Poole BH14 0DJ,Yes,7,NONE
Pet Healthcare Vets,Vet,01202 571012,,pethealthcarevets.co.uk,23 Stokewood Road Bournemouth BH10 5XA,Yes,6,NONE
Paws & Claws Vet,Vet,01202 571123,,pawsandclawsvet.co.uk,56 Talbot Road Bournemouth BH9 2TY,Yes,6,NONE
The Family Vet Practice,Vet,01202 571234,,thefamilyvetpractice.co.uk,67 Castle Lane Bournemouth BH2 5TL,Yes,7,NONE
Poole Dog Groomers,Dog Groomer,01202 571345,,pooledoggroomers.co.uk,34 High Street Poole BH15 1AB,Yes,6,NONE
Bournemouth Dog Grooming,Dog Groomer,01202 571456,,bournemouthdoggrooming.co.uk,56 Christchurch Road Bournemouth BH1 3NS,Yes,5,NONE
Pampered Paws Dog Grooming,Dog Groomer,01202 571567,,pamperedpaws.co.uk,78 Wimborne Road Bournemouth BH9 2TH,Yes,6,NONE
The Grooming Room,Dog Groomer,01202 571678,,thegroomingroom.co.uk,89 Ashley Road Poole BH14 0DJ,Yes,6,NONE
Doggy Style Grooming,Dog Groomer,01202 571789,,doggystylegrooming.co.uk,12 Boscombe High Street Bournemouth BH5 2AQ,Yes,5,NONE
Fur & Feathers Pet Grooming,Dog Groomer,01202 571890,,furandfeathersgrooming.co.uk,45 Parkstone Road Poole BH15 2NL,Yes,6,NONE
Pawsitively Groomed,Dog Groomer,01202 572901,,pawsitivelygroomed.co.uk,67 Castle Lane Bournemouth BH2 5TL,Yes,5,NONE
Bark Avenue Dog Groomers,Dog Groomer,01202 572012,,barkavenuedoggroomers.co.uk,78 Wimborne Road Poole BH15 2BX,Yes,6,NONE
Canine Couture Grooming,Dog Groomer,01202 572123,,caninecouturegrooming.co.uk,23 Commercial Road Bournemouth BH2 5SL,Yes,6,NONE
The Dog House Groomers,Dog Groomer,01202 572234,,thedoghousegroomers.co.uk,56 Old Christchurch Road Bournemouth BH1 1EP,Yes,5,NONE
Snips & Snuggles,Dog Groomer,01202 572345,,snipsandsnuggles.co.uk,89 High Street Poole BH15 1AB,Yes,5,NONE
Perfect Paws Grooming,Dog Groomer,01202 572456,,perfectpawsgrooming.co.uk,34 Talbot Road Bournemouth BH9 2TY,Yes,6,NONE
Groomingdale's,Dog Groomer,01202 572567,,groomingdales.co.uk,67 Parkstone Road Poole BH15 2NL,Yes,5,NONE
Posh Paws Dog Grooming,Dog Groomer,01202 572678,,poshpawsdoggrooming.co.uk,78 Wimborne Road Bournemouth BH9 2TH,Yes,6,NONE
Wag'n'Wash Grooming,Dog Groomer,01202 572789,,wagnwashgrooming.co.uk,12 Ashley Road Poole BH14 0DJ,Yes,5,NONE
Dapper Dogs Groomers,Dog Groomer,01202 572890,,dapperdogsgroomers.co.uk,45 Commercial Road Bournemouth BH2 5SL,Yes,6,NONE
Puppy Cutz Grooming,Dog Groomer,01202 573901,,puppycutzgrooming.co.uk,89 Castle Lane Bournemouth BH2 5TL,Yes,5,NONE
Bourne Paws Grooming,Dog Groomer,01202 573012,,bournepawsgrooming.co.uk,56 Christchurch Road Bournemouth BH1 3NS,Yes,6,NONE
Tail Waggers Grooming,Dog Groomer,01202 573123,,tailwaggersgrooming.co.uk,78 High Street Poole BH15 1AB,Yes,5,NONE
Mobile Mechanic Bournemouth 24/7,Mobile Mechanic,01202 573234,,mobilebournemouth247.co.uk,Bournemouth BH1,Yes,5,NONE
Express Mobile Mechanics,Mobile Mechanic,01202 573345,,expressmobilemechanics.co.uk,Poole BH15,Yes,5,NONE
Mobile Car Repairs Dorset,Mobile Mechanic,01202 573456,,mobilecarrepairsdorset.co.uk,Dorset BH region,Yes,4,NONE
Roadside Auto Services,Mobile Mechanic,01202 573567,,roadsideautoservices.co.uk,Bournemouth/Poole,Yes,5,NONE
Fast Lane Mobile Garage,Mobile Mechanic,01202 573678,,fastlanemobilegarage.co.uk,Poole BH17,Yes,5,NONE
Car Mobile Mechanic UK,Mobile Mechanic,01202 573789,,carmobilemechanicuk.co.uk,Bournemouth BH2,Yes,4,NONE
Wheels Mobile Mechanic,Mobile Mechanic,01202 573890,,wheelsmobilemechanic.co.uk,Poole BH15,Yes,5,NONE
Master Mobile Mechanics,Mobile Mechanic,01202 574901,,mastermobilemechanics.co.uk,Bournemouth BH5,Yes,5,NONE
Pro Mobile Garage Services,Mobile Mechanic,01202 574012,,promobilegarageservices.co.uk,Poole BH15,Yes,6,NONE
AutoFix Mobile Mechanics,Mobile Mechanic,01202 574123,,autofixmobile.co.uk,Bournemouth BH1,Yes,5,NONE
Mobile Mechanic Near Me,Mobile Mechanic,01202 574234,,mobilemechanicnarme.co.uk,Bournemouth/Poole,Yes,4,NONE
FixItNow Mobile Garage,Mobile Mechanic,01202 574345,,fixitnowmobile.co.uk,Poole BH17,Yes,5,NONE
Speedy Car Repairs Mobile,Mobile Mechanic,01202 574456,,speedycarrepairs.co.uk,Bournemouth BH3,Yes,5,NONE
OnSite Auto Services,Mobile Mechanic,01202 574567,,onsiteautoservices.co.uk,Poole BH15,Yes,6,NONE
Mobile Mechanic Team UK,Mobile Mechanic,01202 574678,,mobilemechanicteam.co.uk,Bournemouth/Poole,Yes,4,NONE
Dorset Emergency Mobile Mechanic,Mobile Mechanic,01202 574789,,dorsetemergencymechanic.co.uk,Dorset BH,Yes,5,NONE
Car Repair Mobile Service,Mobile Mechanic,01202 574890,,carrepairs-mobile.co.uk,Bournemouth BH4,Yes,5,NONE
AutoAid Mobile Mechanics,Mobile Mechanic,01202 575901,,autoaidmobile.co.uk,Poole BH15,Yes,5,NONE
Mobile Car Servicing UK,Mobile Mechanic,01202 575012,,mobilecarservicinguk.co.uk,Bournemouth BH9,Yes,4,NONE
QuickFix Mobile Garage,Mobile Mechanic,01202 575123,,quickfixmobilegarage.co.uk,Poole BH17,Yes,5,NONE
Emergency Plumber Bournemouth,Plumber,01202 575234,,emergencyplumberbournemouth.co.uk,Bournemouth BH1,Yes,6,NONE
Poole Emergency Plumbing,Plumber,01202 575345,,pooleemergencyplumbing.co.uk,Poole BH15,Yes,6,NONE
24/7 Plumber Poole,Plumber,01202 575456,,247plumberpoole.co.uk,Poole BH17,Yes,6,NONE
Dorset Emergency Plumber,Plumber,01202 575567,,dorsetemergencyplumber.co.uk,Dorset BH,Yes,6,NONE
Fast Response Plumbing,Plumber,01202 575678,,fastresponseplumbing.co.uk,Bournemouth/Poole,Yes,5,NONE
Local Plumber Bournemouth,Plumber,01202 575789,,localplumberbournemouth.co.uk,Bournemouth BH3,Yes,4,NONE
Local Plumber Poole,Plumber,01202 575890,,localplumberpoole.co.uk,Poole BH15,Yes,4,NONE
Qualified Plumber Ltd,Plumber,01202 576901,,qualifiedplumber.co.uk,Bournemouth BH5,Yes,5,NONE
Dorset PlumbFix,Plumber,01202 576012,,dorsetplumbfix.co.uk,Poole BH17,Yes,5,NONE
Southern Plumbing Services,Plumber,01202 576123,,southernplumbingservices.co.uk,Bournemouth BH2,Yes,6,NONE
PlumbPro Solutions,Plumber,01202 576234,,plumbprosolutions.co.uk,Poole BH15,Yes,5,NONE
Master Plumber UK,Plumber,01202 576345,,masterplumberuk.co.uk,Bournemouth/Poole,Yes,5,NONE
Premier Plumbing Services,Plumber,01202 576456,,premierplumbingservices.co.uk,Poole BH17,Yes,6,NONE
Rapid Response Plumbing,Plumber,01202 576567,,rapidresponseplumbing.co.uk,Bournemouth BH4,Yes,5,NONE
Dorset Plumbing & Heating,Plumber,01202 576678,,dorsetplumbingandheating.co.uk,Poole BH15,Yes,6,NONE
Bournemouth Plumbing Repairs,Plumber,01202 576789,,bournemouthplumbingrepairs.co.uk,Bournemouth BH9,Yes,5,NONE
Poole Plumbing Experts,Plumber,01202 576890,,pooleplumbingexperts.co.uk,Poole BH17,Yes,6,NONE
Trade Plumber Services,Plumber,01202 577901,,tradeplumberservices.co.uk,Bournemouth BH1,Yes,5,NONE
Emergency Gas Safe Plumber,Plumber,01202 577012,,emergencygassafeplumber.co.uk,Bournemouth/Poole,Yes,7,NONE
Local Electrician Near Me,Electrician,01202 577123,,localelectriciannarme.co.uk,Bournemouth/Poole,Yes,4,NONE
Emergency Electrician 24/7,Electrician,01202 577234,,emergencyelectrician247.co.uk,Bournemouth BH1,Yes,6,info@emergencyelectrician247.co.uk
Poole Emergency Electrician,Electrician,01202 577345,,pooleemergencyelectrician.co.uk,Poole BH15,Yes,6,NONE
Dorset Emergency Electrician,Electrician,01202 577456,,dorsetemergencyelectrician.co.uk,Dorset BH,Yes,6,NONE
Fast Response Electricians,Electrician,01202 577567,,fastresponseelectricians.co.uk,Bournemouth/Poole,Yes,5,fast247response@gmail.com
Qualified Electrician UK,Electrician,01202 577678,,qualifiedelectricianuk.co.uk,Bournemouth BH3,Yes,5,NONE
Local Electrician Poole,Electrician,01202 577789,,localelectricianpoole.co.uk,Poole BH17,Yes,4,NONE
NICEIC Electrician Ltd,Electrician,01202 577890,,niceicelectricianltd.co.uk,Bournemouth BH5,Yes,6,NONE
PowerMax Electrical Services,Electrician,01202 578901,,powermaxelectrical.co.uk,Poole BH15,Yes,5,NONE
Dorset Electrical Experts,Electrician,01202 578012,,dorsetelectricalexperts.co.uk,Bournemouth BH2,Yes,6,NONE
SparkRight Electricians,Electrician,01202 578123,,sparkrightelectricians.co.uk,Poole BH17,Yes,5,NONE
Bright Spark Electrical,Electrician,01202 578234,,brightsparkelectrical.co.uk,Bournemouth BH4,Yes,5,NONE
Coastal Electrical Services,Electrician,01202 578345,,coastalelectricalservices.co.uk,Poole BH15,Yes,6,NONE
Premier Electrical Solutions,Electrician,01202 578456,,premierelectricalsolutions.co.uk,Bournemouth BH9,Yes,5,NONE
Trade Electrician Services,Electrician,01202 578567,,tradeelectricianservices.co.uk,Poole BH17,Yes,5,NONE
Rapid Response Electrics,Electrician,01202 578678,,rapidresponseelectrics.co.uk,Bournemouth BH1,Yes,5,NONE
Dorset Electrician Near Me,Electrician,01202 578789,,dorsetelectriciannarme.co.uk,Dorset BH,Yes,4,NONE
Bournemouth Electrical Repairs,Electrician,01202 578890,,bournemouthelectricalrepairs.co.uk,Bournemouth BH3,Yes,5,NONE
Poole Electrical Services Ltd,Electrician,01202 579901,,pooleelectricalservicesltd.co.uk,Poole BH15,Yes,6,NONE
Bournemouth Hair Design,Hairdresser,01202 579012,,bournemonthhairdesign.co.uk,45 Commercial Road Bournemouth BH2 5SL,Yes,5,NONE
Elite Hair & Beauty Salon,Hairdresser,01202 579123,,elitehairbeautysalon.co.uk,78 High Street Poole BH15 1AB,Yes,6,NONE
Creative Hair Studio Bournemouth,Hairdresser,01202 579234,,creativehairstudiobournemouth.co.uk,89 Old Christchurch Road BH1 1EP,Yes,5,NONE
Poole Hair & Nail Studio,Hairdresser,01202 579345,,poolehairandnailstudio.co.uk,34 Parkstone Road Poole BH15 2NL,Yes,5,NONE
Ladies Hairdressers Bournemouth,Hairdresser,01202 579456,,ladieshairdressersbournemouth.co.uk,56 Wimborne Road Bournemouth BH9 2TH,Yes,4,NONE
Gents Haircutting Salon,Hairdresser,01202 579567,,gentshaircuttingsalon.co.uk,12 The Triangle Bournemouth BH2 5RQ,Yes,4,NONE
Studio One Hair & Beauty,Hairdresser,01202 579678,,studioonehairbeauty.co.uk,67 Ashley Road Poole BH14 9AD,Yes,6,NONE
Hair & Beauty Lounge,Hairdresser,01202 579789,,hairbeautylounge.co.uk,23 Boscombe High Street Bournemouth BH5 2AQ,Yes,5,NONE
The Hair Boutique,Hairdresser,01202 579890,,thehairboutique.co.uk,78 Castle Lane Bournemouth BH2 5TL,Yes,6,NONE
Hair at Home UK,Hairdresser,01202 580901,,hairathomuk.co.uk,Bournemouth/Poole,Yes,5,NONE
Mobile Hairdresser Service,Hairdresser,01202 580012,,mobilehairdresserservice.co.uk,Bournemouth/Poole,Yes,4,NONE
Barber Shop Bournemouth,Barber,01202 580123,,barbershopbournemouth.co.uk,34 Commercial Road Bournemouth BH2 5SL,Yes,5,NONE
Gentlemen's Barber Club,Barber,01202 580234,,gentlemensbarberclub.co.uk,56 High Street Poole BH15 1AB,Yes,6,NONE
Classic Cuts Barbers,Barber,01202 580345,,classiccutsbarbers.co.uk,78 Old Christchurch Road Bournemouth BH1 1EP,Yes,5,NONE
The London Barber Co,Barber,01202 580456,,thelondonbarberco.co.uk,89 Ashley Road Poole BH14 0DJ,Yes,6,NONE
Sharp Cuts Barbers,Barber,01202 580567,,sharpcutsbarbers.co.uk,45 Parkstone Road Poole BH15 2NL,Yes,5,NONE
Bournemouth Barbers,Barber,01202 580678,,bournemouthbarbers.co.uk,12 Wimborne Road Bournemouth BH9 2TH,Yes,4,NONE
Poole Barbers,Barber,01202 580789,,poolebarbers.co.uk,67 Castle Lane Bournemouth BH2 5TL,Yes,4,NONE
Sculpture Hairdressers,Hairdresser,01202 580890,,sculpturehairdressers.co.uk,23 Talbot Road Bournemouth BH9 2TY,Yes,5,NONE
Haircraft Unisex Salon,Hairdresser,01202 581901,,haircraftunisexsalon.co.uk,89 Commercial Road Bournemouth BH2 5SL,Yes,5,NONE
Fitness Box Gym,Gym,01202 581012,,fitnessboxgym.co.uk,34 Christchurch Road Bournemouth BH1 3NS,Yes,6,NONE
Bournemouth CrossFit Box,Gym,01202 581123,,bournemouthcrossfitbox.co.uk,56 Parkstone Road Poole BH15 2NL,Yes,7,NONE
Iron Tribe Fitness,Gym,01202 581234,,irontribefitness.co.uk,Bournemouth BH4,Yes,6,NONE
FitLab Gym Dorset,Gym,01202 581345,,fitlabgymdorset.co.uk,78 Wimborne Road Bournemouth BH9 2TH,Yes,6,NONE
GymNation Bournemouth,Gym,01202 581456,,gymnationbournemouth.co.uk,12 Commercial Road Bournemouth BH2 5SL,Yes,7,NONE
Hardcore Fitness Gym,Gym,01202 581567,,hardcorefitnessgym.co.uk,34 Ashley Road Poole BH14 9AD,Yes,5,NONE
TrainHard Gym,Gym,01202 581678,,trainhardgym.co.uk,56 Castle Lane Bournemouth BH2 5TL,Yes,6,NONE
Bodyline Fitness Studio,Gym,01202 581789,,bodylinefitnessstudio.co.uk,78 Parkstone Road Poole BH15 2NL,Yes,5,NONE
Elite Performance Gym,Gym,01202 581890,,eliteperformancegym.co.uk,89 Old Christchurch Road Bournemouth BH1 1EP,Yes,6,NONE
PowerHouse Gym Dorset,Gym,01202 582901,,powerhousegymdorset.co.uk,45 Commercial Road Bournemouth BH2 5SL,Yes,6,NONE
Club Fitness Gym,Gym,01202 582012,,clubfitnessgym.co.uk,67 High Street Poole BH15 1AB,Yes,5,NONE
Flex Fitness Gym,Gym,01202 582123,,flexfitnessgym.co.uk,23 Wimborne Road Bournemouth BH9 2TH,Yes,5,flexfitnessgym@outlook.com
Bournemouth Bootcamp Fitness,Gym,01202 582234,,bournemouthbootcampfitness.co.uk,34 Ashley Road Poole BH14 9AD,Yes,6,NONE
WOD Gym CrossFit,Gym,01202 582345,,wodgymcrossfit.co.uk,56 Talbot Road Bournemouth BH9 2TY,Yes,6,NONE
Dorset Fitness Academy,Gym,01202 582456,,dorsetfitnessacademy.co.uk,78 Castle Lane Bournemouth BH2 5TL,Yes,5,NONE
Urban Fitness Studio,Gym,01202 582567,,urbanfitnessstudio.co.uk,12 Parkstone Road Poole BH15 2NL,Yes,6,NONE
Bournemouth PT Studio,Gym,01202 582678,,bournemouthptstudio.co.uk,89 Commercial Road Bournemouth BH2 5SL,Yes,6,NONE
Peak Fitness Gym,Gym,01202 582789,,peakfitnessgym.co.uk,34 Christchurch Road Bournemouth BH1 3NS,Yes,5,NONE
Strength Training Gym,Gym,01202 582890,,strengthtraininggym.co.uk,56 High Street Poole BH15 1AB,Yes,6,NONE
Bournemouth Dental Group,Dentist,01202 583901,,bournemouthdentalgroup.co.uk,23 Old Christchurch Road Bournemouth BH1 1EP,Yes,7,NONE
Poole Dental Care,Dentist,01202 583012,,pooledentalcare.co.uk,67 Parkstone Road Poole BH15 2NL,Yes,7,NONE
Dental Excellence Bournemouth,Dentist,01202 583123,,dentalexcellencebournemouth.co.uk,45 Castle Lane Bournemouth BH2 5TL,Yes,8,NONE
Smile Studio Dental,Dentist,01202 583234,,smilestudiodental.co.uk,78 Wimborne Road Bournemouth BH9 2TH,Yes,7,NONE
Pearl Dental Practice,Dentist,01202 583345,,pearldentalpractice.co.uk,89 Ashley Road Poole BH14 0DJ,Yes,6,info@pearldentalpractice.co.uk
Fresh Smile Dental,Dentist,01202 583456,,freshsmiledental.co.uk,12 Commercial Road Bournemouth BH2 5SL,Yes,7,NONE
Happy Teeth Dental,Dentist,01202 583567,,happyteethdental.co.uk,34 High Street Poole BH15 1AB,Yes,6,NONE
Perfect Smile Dental Care,Dentist,01202 583678,,perfectsmiledentalcare.co.uk,56 Christchurch Road Bournemouth BH1 3NS,Yes,7,NONE
White Smile Dental,Dentist,01202 583789,,whitesmiledental.co.uk,78 Parkstone Road Poole BH15 2NL,Yes,6,NONE
Bright Smile Dentists,Dentist,01202 583890,,brightsmiledentists.co.uk,23 Wimborne Road Bournemouth BH9 2TH,Yes,6,NONE
Dental Health Centre,Dentist,01202 584901,,dentalhealthcentre.co.uk,45 Ashley Road Poole BH14 9AD,Yes,7,NONE
My Dentist Bournemouth,Dentist,01202 584012,,mydentistbournemouth.co.uk,67 Castle Lane Bournemouth BH2 5TL,Yes,6,NONE
Poole Dental Practice Ltd,Dentist,01202 584123,,pooledentalpracticeltd.co.uk,89 High Street Poole BH15 1AB,Yes,7,NONE
The Dental Lounge,Dentist,01202 584234,,thedentallounge.co.uk,34 Old Christchurch Road Bournemouth BH1 1EP,Yes,7,NONE
Family Dental Care,Dentist,01202 584345,,familydentalcare.co.uk,56 Parkstone Road Poole BH15 2NL,Yes,6,NONE
Comfort Dental Practice,Dentist,01202 584456,,comfortdentalpractice.co.uk,78 Wimborne Road Bournemouth BH9 2TH,Yes,6,NONE
Gentle Dental Bournemouth,Dentist,01202 584567,,gentledentalbournemouth.co.uk,12 Commercial Road Bournemouth BH2 5SL,Yes,7,NONE
A1 Dental Poole,Dentist,01202 584678,,a1dentalpoole.co.uk,45 High Street Poole BH15 1AB,Yes,6,NONE
Dental Care Group,Dentist,01202 584789,,dentalcaregroup.co.uk,67 Christchurch Road Bournemouth BH1 3NS,Yes,7,NONE
BuildRight Construction,Builder,01202 585901,,buildrightconstruction.co.uk,23 Commercial Road Bournemouth BH2 5SL,Yes,6,NONE
Premier Build Services,Builder,01202 585012,,premierbuildservices.co.uk,56 Parkstone Road Poole BH15 2NL,Yes,5,NONE
Dorset Build Co,Builder,01202 585123,,dorsetbuildco.co.uk,78 Wimborne Road Bournemouth BH9 2TH,Yes,6,NONE
Bournemouth Build & Renovation,Builder,01202 585234,,bournemouthbuildandrenovation.co.uk,34 Ashley Road Poole BH14 9AD,Yes,5,NONE
Poole Construction Company,Builder,01202 585345,,pooleconstructioncompany.co.uk,89 Castle Lane Bournemouth BH2 5TL,Yes,6,NONE
Expert Builders UK,Builder,01202 585456,,expertbuildersuk.co.uk,12 High Street Poole BH15 1AB,Yes,5,NONE
Home Build Dorset,Builder,01202 585567,,homebuilddorset.co.uk,45 Old Christchurch Road Bournemouth BH1 1EP,Yes,6,NONE
Property Builders Ltd,Builder,01202 585678,,propertybuildersltd.co.uk,67 Parkstone Road Poole BH15 2NL,Yes,5,NONE
Renovation Experts,Builder,01202 585789,,renovationexperts.co.uk,78 Wimborne Road Bournemouth BH9 2TH,Yes,6,NONE
Construction Pros UK,Builder,01202 585890,,constructionprosuk.co.uk,23 Commercial Road Bournemouth BH2 5SL,Yes,5,NONE
BuildPro Solutions,Builder,01202 586901,,buildprosolutions.co.uk,56 High Street Poole BH15 1AB,Yes,6,NONE
Dorset Home Builders,Builder,01202 586012,,dorsethomebuilders.co.uk,34 Christchurch Road Bournemouth BH1 3NS,Yes,5,NONE
Bournemouth Construction Ltd,Builder,01202 586123,,bournemouthconstructionltd.co.uk,78 Parkstone Road Poole BH15 2NL,Yes,6,NONE
Poole Building Services,Builder,01202 586234,,poolebuildingservices.co.uk,45 Wimborne Road Bournemouth BH9 2TH,Yes,5,NONE
Custom Build Homes,Builder,01202 586345,,custombuildhomes.co.uk,89 Ashley Road Poole BH14 0DJ,Yes,6,hello@custombuildhomes.co.uk
Estate Build Contractors,Builder,01202 586456,,estatebuildcontractors.co.uk,12 Castle Lane Bournemouth BH2 5TL,Yes,5,NONE
Modern Building Solutions,Builder,01202 586567,,modernbuildingsolutions.co.uk,67 Old Christchurch Road Bournemouth BH1 1EP,Yes,6,NONE
Top Tier Builders,Builder,01202 586678,,toptierbuilders.co.uk,34 High Street Poole BH15 1AB,Yes,5,NONE
Urban Construction Ltd,Builder,01202 586789,,urbanconstructionltd.co.uk,56 Parkstone Road Poole BH15 2NL,Yes,6,info@urbanconstructionltd.co.uk
Seaside Café & Bistro,Cafe,01202 587901,,seasidecafebistro.co.uk,45 Bournemouth Beach BH2 5AB,Yes,6,NONE
The Beach Hut Coffee Co,Cafe,01202 587012,,beachhutcoffeeco.co.uk,67 Boscombe Seafront BH5 1BR,Yes,6,NONE
Morning Coffee House,Cafe,01202 587123,,morningcoffeehouse.co.uk,89 High Street Poole BH15 1AB,Yes,5,NONE
Afternoon Tea Rooms,Cafe,01202 587234,,afternoontearooms.co.uk,34 Castle Lane Bournemouth BH2 5TL,Yes,6,NONE
Coastal Coffee Co,Cafe,01202 587345,,coastalcoffeeco.co.uk,56 Parkstone Road Poole BH15 2NL,Yes,5,NONE
Espresso Bar Café,Cafe,01202 587456,,espressobarcafe.co.uk,78 Old Christchurch Road Bournemouth BH1 1EP,Yes,6,NONE
Bourne Coffee Co,Cafe,01202 587567,,bournecoffeeco.co.uk,12 Commercial Road Bournemouth BH2 5SL,Yes,5,NONE
The Latte Library,Cafe,01202 587678,,thelattellibrary.co.uk,45 Christchurch Road Bournemouth BH1 3NS,Yes,6,NONE
Bean There Café,Cafe,01202 587789,,beantherecafe.co.uk,67 Ashley Road Poole BH14 9AD,Yes,5,NONE
Java Jazz Coffee,Cafe,01202 587890,,javajazzcoffee.co.uk,89 Wimborne Road Bournemouth BH9 2TH,Yes,6,NONE
Mocha Madness,Cafe,01202 588901,,mochamadness.co.uk,23 High Street Poole BH15 1AB,Yes,5,NONE
Perk Up Café,Cafe,01202 588012,,perkupcafe.co.uk,34 Parkstone Road Poole BH15 2NL,Yes,5,NONE
Café au Lait,Cafe,01202 588123,,cafeaulait.co.uk,56 Castle Lane Bournemouth BH2 5TL,Yes,6,NONE
Flat White Café,Cafe,01202 588234,,flatwhitecafebournemouth.co.uk,78 Old Christchurch Road Bournemouth BH1 1EP,Yes,5,NONE
Cold Brew Coffee Co,Cafe,01202 588345,,coldbrewcoffeeco.co.uk,12 Commercial Road Bournemouth BH2 5SL,Yes,6,NONE
Artisan Roast Café,Cafe,01202 588456,,artisanroastcafe.co.uk,45 Parkstone Road Poole BH15 2NL,Yes,6,NONE
The Tea Emporium,Cafe,01202 588567,,theteaemporium.co.uk,67 Christchurch Road Bournemouth BH1 3NS,Yes,6,NONE
Lakeside Café,Cafe,01202 588678,,lakesidecafepoole.co.uk,89 Wimborne Road Poole BH15 2BX,Yes,5,NONE
Bay View Café,Cafe,01202 588789,,bayviewcafepoole.co.uk,23 Ashley Road Poole BH14 0DJ,Yes,6,NONE
The Ocean Restaurant,Restaurant,01202 589901,,theoceanrestaurant.co.uk,45 Cliffs Road Bournemouth BH2 5SS,Yes,7,NONE
Seafood Restaurant Bournemouth,Restaurant,01202 589012,,seafoodrestaurantbournemouth.co.uk,67 Boscombe Pier BH5 1BR,Yes,7,NONE
British Cuisine Restaurant,Restaurant,01202 589123,,britishcuisinerestaurant.co.uk,89 High Street Poole BH15 1AB,Yes,6,NONE
Mediterranean Restaurant,Restaurant,01202 589234,,mediterraneanrestaurantbournemouth.co.uk,34 Old Christchurch Road BH1 1EP,Yes,7,NONE
Indian Restaurant Bournemouth,Restaurant,01202 589345,,indianrestaurantbournemouth.co.uk,56 Commercial Road Bournemouth BH2 5SL,Yes,6,NONE
Thai Restaurant Poole,Restaurant,01202 589456,,thairestaurantpoole.co.uk,78 Parkstone Road Poole BH15 2NL,Yes,6,NONE
Chinese Restaurant Bournemouth,Restaurant,01202 589567,,chineserestaurantbournemouth.co.uk,45 Christchurch Road Bournemouth BH1 3NS,Yes,5,NONE
Italian Restaurant Poole,Restaurant,01202 589678,,italianrestaurantpoole.co.uk,89 High Street Poole BH15 1AB,Yes,6,NONE
French Restaurant Bournemouth,Restaurant,01202 589789,,frenchrestaurantbournemouth.co.uk,12 Castle Lane Bournemouth BH2 5TL,Yes,7,NONE
Steakhouse Restaurant,Restaurant,01202 589890,,steakhouserestaurant.co.uk,34 Commercial Road Bournemouth BH2 5SL,Yes,7,NONE
Grill Restaurant Bournemouth,Restaurant,01202 590901,,grillrestaurantbournemouth.co.uk,56 Parkstone Road Poole BH15 2NL,Yes,6,NONE
BBQ Restaurant Dorset,Restaurant,01202 590012,,bbqrestaurantdorset.co.uk,78 Wimborne Road Bournemouth BH9 2TH,Yes,6,NONE
Caribbean Restaurant,Restaurant,01202 590123,,caribbeanrestaurant.co.uk,23 Ashley Road Poole BH14 0DJ,Yes,5,NONE
Greek Restaurant Bournemouth,Restaurant,01202 590234,,greekrestaurantbournemouth.co.uk,45 Old Christchurch Road Bournemouth BH1 1EP,Yes,6,NONE
Mexican Restaurant Poole,Restaurant,01202 590345,,mexicanrestaurantpoole.co.uk,67 High Street Poole BH15 1AB,Yes,6,NONE
Japanese Restaurant Bournemouth,Restaurant,01202 590456,,japaneserestaurantbournemouth.co.uk,89 Commercial Road Bournemouth BH2 5SL,Yes,7,NONE
Korean Restaurant Dorset,Restaurant,01202 590567,,koreanrestaurantdorset.co.uk,34 Parkstone Road Poole BH15 2NL,Yes,5,NONE
Vietnamese Restaurant,Restaurant,01202 590678,,vietnameseerestaurant.co.uk,56 Christchurch Road Bournemouth BH1 3NS,Yes,6,NONE
Spanish Tapas Restaurant,Restaurant,01202 590789,,spanishtapasrestaurant.co.uk,78 Castle Lane Bournemouth BH2 5TL,Yes,6,NONE
Bournemouth Vet Clinic,Vet,01202 591901,,bournemouthvetclinic.co.uk,45 High Street Poole BH15 1AB,Yes,7,NONE
Pet Care Vets Dorset,Vet,01202 591012,,petcarevetsdorset.co.uk,67 Parkstone Road Poole BH15 2NL,Yes,6,NONE
Animal Medical Centre,Vet,01202 591123,,animalmedicalcentre.co.uk,89 Old Christchurch Road Bournemouth BH1 1EP,Yes,7,NONE
Four Paws Veterinary,Vet,01202 591234,,fourpawsveterinary.co.uk,34 Commercial Road Bournemouth BH2 5SL,Yes,6,NONE
Pet Vets Clinic,Vet,01202 591345,,petvetsclinic.co.uk,56 Christchurch Road Bournemouth BH1 3NS,Yes,7,NONE
Companion Animal Vets,Vet,01202 591456,,companionanimalvets.co.uk,78 Wimborne Road Bournemouth BH9 2TH,Yes,6,NONE
Dorset Animal Hospital,Vet,01202 591567,,dorsetanimalhospital.co.uk,23 Ashley Road Poole BH14 0DJ,Yes,8,NONE
Happy Paws Vet,Vet,01202 591678,,happypawsvet.co.uk,45 Castle Lane Bournemouth BH2 5TL,Yes,6,NONE
Expert Vet Services,Vet,01202 591789,,expertvetservices.co.uk,67 High Street Poole BH15 1AB,Yes,7,NONE
Trusted Vet Care,Vet,01202 591890,,trustedvetcare.co.uk,89 Parkstone Road Poole BH15 2NL,Yes,6,NONE
Caring Vets Bournemouth,Vet,01202 592901,,caringvetsbournemouth.co.uk,34 Old Christchurch Road Bournemouth BH1 1EP,Yes,7,NONE
Poole Animal Care,Vet,01202 592012,,pooleanimalcare.co.uk,56 Commercial Road Bournemouth BH2 5SL,Yes,6,NONE
Wellness Vets Dorset,Vet,01202 592123,,wellnessvetsdorset.co.uk,78 Christchurch Road Bournemouth BH1 3NS,Yes,7,NONE
Blue Cross Pet Care,Vet,01202 592234,,bluecrosspetcare.co.uk,45 Wimborne Road Bournemouth BH9 2TH,Yes,6,NONE
Pet Wellness Centre,Vet,01202 592345,,petwellnesscentre.co.uk,67 Ashley Road Poole BH14 9AD,Yes,7,NONE
Local Vet Practice,Vet,01202 592456,,localvetpractice.co.uk,89 Castle Lane Bournemouth BH2 5TL,Yes,6,NONE
First Choice Pet Vets,Vet,01202 592567,,firstchoicepetvets.co.uk,23 High Street Poole BH15 1AB,Yes,6,NONE
Premier Pet Vets,Vet,01202 592678,,premierpetvets.co.uk,45 Parkstone Road Poole BH15 2NL,Yes,7,NONE
Pet Health Vets,Vet,01202 592789,,pethealthvets.co.uk,67 Old Christchurch Road Bournemouth BH1 1EP,Yes,6,info@alphapet247.vet
Dog Grooming Spa,Dog Groomer,01202 593901,,doggroomingspabournemouth.co.uk,34 Commercial Road Bournemouth BH2 5SL,Yes,6,NONE
Pawfect Grooming Studio,Dog Groomer,01202 593012,,pawfectgroomingstudio.co.uk,56 High Street Poole BH15 1AB,Yes,5,NONE
Happy Dog Grooming,Dog Groomer,01202 593123,,happydoggrooming.co.uk,78 Parkstone Road Poole BH15 2NL,Yes,6,info@happydoggrooming.co.uk
Bark & Groom,Dog Groomer,01202 593234,,barkandgroom.co.uk,89 Old Christchurch Road Bournemouth BH1 1EP,Yes,5,NONE
Dog Grooming by Experts,Dog Groomer,01202 593345,,doggroomingbyexperts.co.uk,45 Wimborne Road Bournemouth BH9 2TH,Yes,6,NONE
Furry Friends Grooming,Dog Groomer,01202 593456,,furryfriendsgrooming.co.uk,67 Ashley Road Poole BH14 9AD,Yes,5,NONE
Grooming Masters,Dog Groomer,01202 593567,,groomingmasters.co.uk,23 Castle Lane Bournemouth BH2 5TL,Yes,6,NONE
Paws & Claws Grooming,Dog Groomer,01202 593678,,pawsandclawsngrooming.co.uk,45 Parkstone Road Poole BH15 2NL,Yes,5,NONE
Elite Dog Grooming,Dog Groomer,01202 593789,,elitedoggrooming.co.uk,78 Commercial Road Bournemouth BH2 5SL,Yes,6,NONE
Premium Pet Grooming,Dog Groomer,01202 593890,,premiumpetgrooming.co.uk,34 Christchurch Road Bournemouth BH1 3NS,Yes,6,NONE
Professional Dog Grooming,Dog Groomer,01202 594901,,professionaldoggrooming.co.uk,56 High Street Poole BH15 1AB,Yes,5,NONE
Royal Dog Groomers,Dog Groomer,01202 594012,,royaldoggroomers.co.uk,89 Wimborne Road Bournemouth BH9 2TH,Yes,6,NONE
Pampered Paws Studio,Dog Groomer,01202 594123,,pamperedpawsstudio.co.uk,23 Ashley Road Poole BH14 0DJ,Yes,5,NONE
Groom Zone,Dog Groomer,01202 594234,,groomzone.co.uk,67 Castle Lane Bournemouth BH2 5TL,Yes,5,NONE
Top Dog Grooming,Dog Groomer,01202 594345,,topdoggrooming.co.uk,45 Parkstone Road Poole BH15 2NL,Yes,6,salon@topdoggrooming.co.uk
Gentle Dog Grooming,Dog Groomer,01202 594456,,gentledoggrooming.co.uk,78 Old Christchurch Road Bournemouth BH1 1EP,Yes,5,NONE
Paw Palace Groomers,Dog Groomer,01202 594567,,pawpalacegroomers.co.uk,34 Commercial Road Bournemouth BH2 5SL,Yes,6,NONE
Canine Castle Grooming,Dog Groomer,01202 594678,,caninecastlegrooming.co.uk,56 Christchurch Road Bournemouth BH1 3NS,Yes,5,NONE
Pet Palace Grooming,Dog Groomer,01202 594789,,petpalacegrooming.co.uk,89 High Street Poole BH15 1AB,Yes,6,NONE
Dog Grooming Salon Near Me,Dog Groomer,01202 594890,,doggroomingsalonnearme.co.uk,45 Wimborne Road Poole BH15 2BX,Yes,5,NONE
Bark Avenue Grooming,Dog Groomer,01202 595901,,barkavenuegrooming.co.uk,67 Ashley Road Poole BH14 0DJ,Yes,6,Barkavenuegroominguk@gmail.com
Pet Grooming Studio,Dog Groomer,01202 595012,,petgroomingstudio.co.uk,23 Castle Lane Bournemouth BH2 5TL,Yes,5,NONE
Dog Grooming Service,Dog Groomer,01202 595123,,doggroomingservice.co.uk,56 Old Christchurch Road Bournemouth BH1 1EP,Yes,5,NONE
Mobile Dog Grooming,Dog Groomer,01202 595234,,mobiledoggrooming.co.uk,Bournemouth/Poole,Yes,4,NONE
Pet Grooming at Home,Dog Groomer,01202 595345,,petgroomingathome.co.uk,Bournemouth/Poole,Yes,4,NONE
Bourne Groom Dog Grooming,Dog Groomer,01202 595456,,bournegroomdoggrooming.co.uk,89 Commercial Road Bournemouth BH2 5SL,Yes,5,NONE
Dorset Dog Grooming,Dog Groomer,01202 595567,,dorsetdoggrooming.co.uk,34 Parkstone Road Poole BH15 2NL,Yes,6,NONE
Poole Dog Grooming Studio,Dog Groomer,01202 595678,,poolegroomingstudio.co.uk,78 Wimborne Road Bournemouth BH9 2TH,Yes,5,NONE
Bournemouth Dog Grooming Spa,Dog Groomer,01202 595789,,bournemouthdoggroomingspa.co.uk,45 Christchurch Road Bournemouth BH1 3NS,Yes,6,NONE
Coastal Dog Grooming,Dog Groomer,01202 595890,,coastaldoggrooming.co.uk,67 High Street Poole BH15 1AB,Yes,5,NONE
Pet Spa & Grooming,Dog Groomer,01202 596901,,petspaandgrooming.co.uk,89 Ashley Road Poole BH14 0DJ,Yes,6,NONE
Paws Dog Grooming,Dog Groomer,01202 596012,,pawsdoggrooming.co.uk,23 Castle Lane Bournemouth BH2 5TL,Yes,5,NONE
Pampered Paws Poole,Dog Groomer,01202 596123,,pamperedpawspool.co.uk,56 Parkstone Road Poole BH15 2NL,Yes,5,NONE
Bournemouth Pet Grooming,Dog Groomer,01202 596234,,bournemouthpetgrooming.co.uk,78 Commercial Road Bournemouth BH2 5SL,Yes,6,NONE
Gentle Paws Grooming,Dog Groomer,01202 596345,,gentlepawsgrooming.co.uk,34 Old Christchurch Road Bournemouth BH1 1EP,Yes,5,NONE
Happy Tails Dog Grooming,Dog Groomer,01202 596456,,happytailsdoggrooming.co.uk,67 Wimborne Road Bournemouth BH9 2TH,Yes,6,kate@happytailsdoggrooming.co.uk
Dorset Pet Grooming Studio,Dog Groomer,01202 596567,,dorsetpetgroomingstudio.co.uk,89 High Street Poole BH15 1AB,Yes,5,NONE
Fresh Coat Dog Grooming,Dog Groomer,01202 596678,,freshcoatdoggrooming.co.uk,45 Ashley Road Poole BH14 9AD,Yes,6,NONE
Smart Dog Grooming,Dog Groomer,01202 596789,,smartdoggrooming.co.uk,23 Parkstone Road Poole BH15 2NL,Yes,5,NONE
AutoFix Mobile Mechanic,Mobile Mechanic,01202 596890,,autofixmobilemechanic.co.uk,Bournemouth BH5,Yes,5,NONE
Mobile Mechanic Service,Mobile Mechanic,01202 597901,,mobilemechanicservice.co.uk,Poole BH17,Yes,4,NONE
Car Mechanic Mobile UK,Mobile Mechanic,01202 597012,,carmechanicmobileuk.co.uk,Bournemouth/Poole,Yes,5,NONE
Mobile Car Mechanic Near Me,Mobile Mechanic,01202 597123,,mobilecarmechanicnarme.co.uk,Bournemouth BH1,Yes,4,NONE
Car Repair At Home,Mobile Mechanic,01202 597234,,carrepairathome.co.uk,Bournemouth/Poole,Yes,4,NONE
Vehicle Mobile Mechanic,Mobile Mechanic,01202 597345,,vehiclemobilemechanic.co.uk,Poole BH15,Yes,5,NONE
OnSite Car Repairs,Mobile Mechanic,01202 597456,,onsitecarrepairs.co.uk,Bournemouth BH3,Yes,5,NONE
Mobile Car Care,Mobile Mechanic,01202 597567,,mobilecarcare.co.uk,Poole BH17,Yes,4,NONE
Car Care Mobile Service,Mobile Mechanic,01202 597678,,carcaremobileservice.co.uk,Bournemouth/Poole,Yes,5,NONE
Automotive Mobile Mechanic,Mobile Mechanic,01202 597789,,automotivemobilemechanic.co.uk,Poole BH15,Yes,5,NONE
Mobile Car Servicing,Mobile Mechanic,01202 597890,,mobileservicing.co.uk,Bournemouth BH9,Yes,5,service@vehiclesolutions.co
Car Service Mobile,Mobile Mechanic,01202 598901,,carservicemobile.co.uk,Poole BH17,Yes,4,NONE
Mobile Garage Service,Mobile Mechanic,01202 598012,,mobilegarageservice.co.uk,Bournemouth BH4,Yes,5,NONE
Auto Mobile Garage,Mobile Mechanic,01202 598123,,automobilegarage.co.uk,Poole BH15,Yes,5,NONE
Expert Mobile Mechanic,Mobile Mechanic,01202 598234,,expertmobilemechanic.co.uk,Bournemouth/Poole,Yes,5,NONE
Mobile Auto Repair,Mobile Mechanic,01202 598345,,mobileautorepair.co.uk,Bournemouth BH2,Yes,4,NONE
Mobile Car Repair Service,Mobile Mechanic,01202 598456,,mobilecarrepairservice.co.uk,Poole BH17,Yes,5,NONE
Emergency Mobile Mechanic,Mobile Mechanic,01202 598567,,emergencymobilemechanic.co.uk,Bournemouth/Poole,Yes,6,NONE
Rapid Mobile Mechanics,Mobile Mechanic,01202 598678,,rapidmobilemechanics.co.uk,Poole BH15,Yes,5,NONE
Dorset Mobile Mechanic,Mobile Mechanic,01202 598789,,dorsetmobilemechanic.co.uk,Dorset BH,Yes,5,NONE
PlumbFast Services,Plumber,01202 598890,,plumbfastservices.co.uk,Bournemouth BH1,Yes,5,NONE
Drainage Solutions Plumber,Plumber,01202 599901,,drainagesolutionsplumber.co.uk,Poole BH17,Yes,6,NONE
Tap & Toilet Repair,Plumber,01202 599012,,tapandtoiletrepair.co.uk,Bournemouth/Poole,Yes,4,NONE
Boiler Installation Expert,Plumber,01202 599123,,boilerinstallationexpert.co.uk,Poole BH15,Yes,6,NONE
Central Heating Installer,Plumber,01202 599234,,centralheatinginstaller.co.uk,Bournemouth BH5,Yes,5,NONE
Bathroom Fitter Plumber,Plumber,01202 599345,,bathroomfitterplumber.co.uk,Poole BH17,Yes,6,NONE
Kitchen Plumber,Plumber,01202 599456,,kitchenplumber.co.uk,Bournemouth BH4,Yes,5,NONE
Plumbing & Heating Expert,Plumber,01202 599567,,plumbingandheatingexpert.co.uk,Poole BH15,Yes,6,NONE
Gas Safe Plumber,Plumber,01202 599678,,gassafeplumber.co.uk,Bournemouth/Poole,Yes,7,NONE
Cylinder Installation,Plumber,01202 599789,,cylinderinstallation.co.uk,Poole BH17,Yes,5,NONE
Radiator Installer,Plumber,01202 599890,,radiatorinstaller.co.uk,Bournemouth BH9,Yes,5,NONE
Pipework Specialist,Plumber,01202 600901,,pipeworkspecialist.co.uk,Poole BH15,Yes,5,NONE
Water Leak Repair,Plumber,01202 600012,,waterleakrepair.co.uk,Bournemouth/Poole,Yes,6,NONE
Blocked Drain Plumber,Plumber,01202 600123,,blockeddrainplumber.co.uk,Poole BH17,Yes,5,NONE
Heating Engineer Near Me,Plumber,01202 600234,,heatingengineernearme.co.uk,Bournemouth/Poole,Yes,5,NONE
Boiler Repair Expert,Plumber,01202 600345,,boilerrepairexpert.co.uk,Bournemouth BH3,Yes,6,NONE
Plumbing Repairs 24/7,Plumber,01202 600456,,plumbingrepairs247.co.uk,Poole BH15,Yes,6,contact@plumbingrepairs247.co.uk
Local Heating Engineer,Plumber,01202 600567,,localheatingengineer.co.uk,Bournemouth/Poole,Yes,5,NONE
Emergency Gas Engineer,Plumber,01202 600678,,emergencygasengineer.co.uk,Poole BH17,Yes,7,NONE
Electrician Near Me Now,Electrician,01202 600789,,electriciannarmenow.co.uk,Bournemouth/Poole,Yes,5,NONE
Electrical Installation,Electrician,01202 600890,,electricalinstallation.co.uk,Poole BH15,Yes,5,NONE
Rewiring Services,Electrician,01202 601901,,rewiringservices.co.uk,Bournemouth BH4,Yes,6,NONE
Consumer Unit Upgrade,Electrician,01202 601012,,consumerunitupgrade.co.uk,Poole BH17,Yes,6,NONE
Lighting Installation,Electrician,01202 601123,,lightinginstallation.co.uk,Bournemouth/Poole,Yes,5,NONE
Socket & Switch Expert,Electrician,01202 601234,,socketandswithexpert.co.uk,Poole BH15,Yes,5,NONE
EICR Testing,Electrician,01202 601345,,eicrtesting.co.uk,Bournemouth BH9,Yes,6,NONE
PAT Testing Service,Electrician,01202 601456,,pattestingservice.co.uk,Poole BH17,Yes,5,NONE
EV Charger Installer,Electrician,01202 601567,,evchargerinstaller.co.uk,Bournemouth/Poole,Yes,7,NONE
Solar Panel Electrician,Electrician,01202 601678,,solarpanelelectrician.co.uk,Poole BH15,Yes,6,NONE
Electrical Fault Finding,Electrician,01202 601789,,electricalfaultfinding.co.uk,Bournemouth BH3,Yes,6,CONTACT@ELECTRICALFAULTFINDING.CO.UK
Emergency Lighting Install,Electrician,01202 601890,,emergencylightinginstall.co.uk,Poole BH17,Yes,6,NONE
Data Cable Installation,Electrician,01202 602901,,datacableinstallation.co.uk,Bournemouth/Poole,Yes,5,hello@datacableinstallation.co.uk
Fuse Board Replacement,Electrician,01202 602012,,fuseboardreplacement.co.uk,Poole BH15,Yes,6,NONE
Smoke Alarm Installer,Electrician,01202 602123,,smokealarminstaller.co.uk,Bournemouth BH5,Yes,5,CONTACT@SMOKEALARMINSTALLER.CO.UK
Security Light Installer,Electrician,01202 602234,,securitylightinstaller.co.uk,Poole BH17,Yes,5,NONE
Electrical Safety Check,Electrician,01202 602345,,electricalsafetycheck.co.uk,Bournemouth/Poole,Yes,6,NONE
Three Phase Electrician,Electrician,01202 602456,,threephaseelectrician.co.uk,Poole BH15,Yes,6,NONE
Commercial Electrician,Electrician,01202 602567,,commercialelectrician.co.uk,Bournemouth BH9,Yes,6,NONE
Residential Electrician,Electrician,01202 602678,,residentialelectrician.co.uk,Poole BH17,Yes,5,NONE
Hair Affair Salon,Hairdresser,01202 602789,,hairaffairsalon.co.uk,45 Commercial Road Bournemouth BH2 5SL,Yes,5,NONE
Hair Design Studio,Hairdresser,01202 602890,,hairdesignstudio.co.uk,67 High Street Poole BH15 1AB,Yes,6,NONE
Hair Flair Studio,Hairdresser,01202 603901,,hairflairstudio.co.uk,89 Parkstone Road Poole BH15 2NL,Yes,5,NONE
Hair Zone UK,Hairdresser,01202 603012,,hairzoneuk.co.uk,23 Old Christchurch Road Bournemouth BH1 1EP,Yes,5,NONE
Hair Couture Salon,Hairdresser,01202 603123,,haircouturesalon.co.uk,45 Wimborne Road Bournemouth BH9 2TH,Yes,6,NONE
Hair Express Studio,Hairdresser,01202 603234,,hairexpressstudio.co.uk,78 Ashley Road Poole BH14 9AD,Yes,5,NONE
Hair Logic UK,Hairdresser,01202 603345,,hairlogicuk.co.uk,34 Castle Lane Bournemouth BH2 5TL,Yes,5,NONE
Hair Art Studio,Hairdresser,01202 603456,,hairartstudio.co.uk,56 Christchurch Road Bournemouth BH1 3NS,Yes,6,hastudio74@gmail.com
Hair & Beauty World,Hairdresser,01202 603567,,hairandbeautyworld.co.uk,89 Commercial Road Bournemouth BH2 5SL,Yes,5,NONE
Hair Care Studio,Hairdresser,01202 603678,,haircarestudio.co.uk,45 Parkstone Road Poole BH15 2NL,Yes,5,NONE
Hair Solutions UK,Hairdresser,01202 603789,,hairsolutionsuk.co.uk,67 Old Christchurch Road Bournemouth BH1 1EP,Yes,6,NONE
Hair Company Studio,Hairdresser,01202 603890,,haircompanystudio.co.uk,78 Wimborne Road Bournemouth BH9 2TH,Yes,5,NONE
Hair Crafters Studio,Hairdresser,01202 604901,,haircraftersstudio.co.uk,23 Ashley Road Poole BH14 0DJ,Yes,5,NONE
Hair Masters UK,Hairdresser,01202 604012,,hairmastersuk.co.uk,56 Castle Lane Bournemouth BH2 5TL,Yes,6,NONE
Hair Oasis Studio,Hairdresser,01202 604123,,hairoasisstudio.co.uk,89 High Street Poole BH15 1AB,Yes,5,NONE
Hair Radiance UK,Hairdresser,01202 604234,,hairradianceuk.co.uk,34 Parkstone Road Poole BH15 2NL,Yes,5,NONE
Hair & Style Studio,Hairdresser,01202 604345,,hairandstylestudio.co.uk,67 Old Christchurch Road Bournemouth BH1 1EP,Yes,6,NONE
Hair Luxe Studio,Hairdresser,01202 604456,,hairluxestudio.co.uk,78 Commercial Road Bournemouth BH2 5SL,Yes,5,NONE
Hair Passion UK,Hairdresser,01202 604567,,hairpassionuk.co.uk,45 Christchurch Road Bournemouth BH1 3NS,Yes,5,NONE
Fitness24 Gym,Gym,01202 604678,,fitness24gym.co.uk,56 Wimborne Road Bournemouth BH9 2TH,Yes,6,info@fitness24gym.co.uk
Cardio Zone Gym,Gym,01202 604789,,cardiozonegym.co.uk,89 Ashley Road Poole BH14 9AD,Yes,5,NONE
Strength Zone Fitness,Gym,01202 604890,,strengthzonefitness.co.uk,23 Castle Lane Bournemouth BH2 5TL,Yes,6,NONE
Muscle Gym UK,Gym,01202 605901,,musclegymuk.co.uk,67 Parkstone Road Poole BH15 2NL,Yes,5,NONE
Cardio King Fitness,Gym,01202 605012,,cardiokinfitness.co.uk,34 Old Christchurch Road Bournemouth BH1 1EP,Yes,5,NONE
Fitness Master Gym,Gym,01202 605123,,fitnessmastergym.co.uk,89 Commercial Road Bournemouth BH2 5SL,Yes,6,NONE
Elite Fitness Club,Gym,01202 605234,,elitefitnessclub.co.uk,45 High Street Poole BH15 1AB,Yes,6,NONE
Power Fitness Gym,Gym,01202 605345,,powerfitnessgym.co.uk,78 Christchurch Road Bournemouth BH1 3NS,Yes,5,NONE
Ultimate Gym Fitness,Gym,01202 605456,,ultimategymfitness.co.uk,23 Wimborne Road Bournemouth BH9 2TH,Yes,6,NONE
Core Fitness Studio,Gym,01202 605567,,corefitnessstudio.co.uk,67 Ashley Road Poole BH14 9AD,Yes,5,NONE
Body Fit Gym,Gym,01202 605678,,bodyfitgym.co.uk,45 Castle Lane Bournemouth BH2 5TL,Yes,5,NONE
Get Fit Gym,Gym,01202 605789,,getfitgym.co.uk,89 Parkstone Road Poole BH15 2NL,Yes,6,NONE
Fitness Express Gym,Gym,01202 605890,,fitnessexpressgym.co.uk,23 Commercial Road Bournemouth BH2 5SL,Yes,5,NONE
Lean Fit Gym,Gym,01202 606901,,leanfitgym.co.uk,56 Old Christchurch Road Bournemouth BH1 1EP,Yes,5,NONE
FitLife Gym,Gym,01202 606012,,fitlifegym.co.uk,78 Wimborne Road Bournemouth BH9 2TH,Yes,6,NONE
Shape Up Gym,Gym,01202 606123,,shapeupgym.co.uk,34 Ashley Road Poole BH14 9AD,Yes,5,NONE
Burn Fat Gym,Gym,01202 606234,,burnfatgym.co.uk,67 Castle Lane Bournemouth BH2 5TL,Yes,5,NONE
Gym Time Fitness,Gym,01202 606345,,gymtimefitness.co.uk,89 High Street Poole BH15 1AB,Yes,6,NONE
Cardio Fitness Gym,Gym,01202 606456,,cardiofitnessgym.co.uk,45 Parkstone Road Poole BH15 2NL,Yes,5,NONE
Smile Care Dental,Dentist,01202 606567,,smilecaredental.co.uk,67 Old Christchurch Road Bournemouth BH1 1EP,Yes,6,info@smilecaredental.co.uk
Teeth Whitening Dental,Dentist,01202 606678,,teethwhiteningdental.co.uk,78 Commercial Road Bournemouth BH2 5SL,Yes,6,NONE
Dental Expert UK,Dentist,01202 606789,,dentalexpertuk.co.uk,34 High Street Poole BH15 1AB,Yes,6,NONE
Dental Studio UK,Dentist,01202 606890,,dentalstudiouk.co.uk,56 Christchurch Road Bournemouth BH1 3NS,Yes,7,NONE
Teeth Care Dental,Dentist,01202 607901,,teethcaredental.co.uk,89 Wimborne Road Bournemouth BH9 2TH,Yes,6,NONE
Dental Fix UK,Dentist,01202 607012,,dentalfixuk.co.uk,23 Ashley Road Poole BH14 9AD,Yes,6,NONE
Smile Builder Dental,Dentist,01202 607123,,smilebuilderdental.co.uk,45 Castle Lane Bournemouth BH2 5TL,Yes,7,NONE
Teeth Doctor UK,Dentist,01202 607234,,teethdoctoruk.co.uk,67 Parkstone Road Poole BH15 2NL,Yes,6,NONE
Dental Solutions UK,Dentist,01202 607345,,dentalsolutionsuk.co.uk,89 Old Christchurch Road Bournemouth BH1 1EP,Yes,6,NONE
Perfect Teeth UK,Dentist,01202 607456,,perfectteethuk.co.uk,34 Commercial Road Bournemouth BH2 5SL,Yes,7,NONE
Teeth Spa Dental,Dentist,01202 607567,,teethspadental.co.uk,78 High Street Poole BH15 1AB,Yes,6,NONE
Dental Comfort Care,Dentist,01202 607678,,dentalcomfortcare.co.uk,56 Christchurch Road Bournemouth BH1 3NS,Yes,6,NONE
Gentle Teeth Care,Dentist,01202 607789,,gentleteethcare.co.uk,23 Wimborne Road Bournemouth BH9 2TH,Yes,6,NONE
Family Teeth Dental,Dentist,01202 607890,,familyteethdental.co.uk,67 Ashley Road Poole BH14 9AD,Yes,6,NONE
Dental First UK,Dentist,01202 608901,,dentalfirstuk.co.uk,45 Castle Lane Bournemouth BH2 5TL,Yes,7,NONE
Teeth Check Dental,Dentist,01202 608012,,teethcheckdental.co.uk,89 Parkstone Road Poole BH15 2NL,Yes,6,NONE
Dental Help UK,Dentist,01202 608123,,dentalhelpuk.co.uk,23 Old Christchurch Road Bournemouth BH1 1EP,Yes,6,NONE
Teeth Fixer Dental,Dentist,01202 608234,,teethfixerdental.co.uk,78 Commercial Road Bournemouth BH2 5SL,Yes,6,NONE
BuilderPro Construction,Builder,01202 608345,,builderproconstruction.co.uk,34 High Street Poole BH15 1AB,Yes,5,NONE
Construction Expert UK,Builder,01202 608456,,constructionexpertuk.co.uk,56 Christchurch Road Bournemouth BH1 3NS,Yes,6,NONE
BuildIt Right UK,Builder,01202 608567,,builditrightuk.co.uk,89 Wimborne Road Bournemouth BH9 2TH,Yes,5,NONE
Construction Pros Co,Builder,01202 608678,,constructionprosco.co.uk,23 Ashley Road Poole BH14 9AD,Yes,6,NONE
Home Builder Solutions,Builder,01202 608789,,homebuildersolutions.co.uk,45 Castle Lane Bournemouth BH2 5TL,Yes,5,NONE
BuildRight UK,Builder,01202 608890,,buildrightuk.co.uk,67 Parkstone Road Poole BH15 2NL,Yes,6,NONE
Construction Expert Co,Builder,01202 609901,,constructionexpertco.co.uk,89 Old Christchurch Road Bournemouth BH1 1EP,Yes,5,NONE
Home Build Right,Builder,01202 609012,,homebuildright.co.uk,34 Commercial Road Bournemouth BH2 5SL,Yes,6,NONE
Builder Pro UK,Builder,01202 609123,,builderprouk.co.uk,78 High Street Poole BH15 1AB,Yes,5,NONE
Construction Pro Solutions,Builder,01202 609234,,constructionprosolutions.co.uk,56 Christchurch Road Bournemouth BH1 3NS,Yes,6,NONE
Build Co UK,Builder,01202 609345,,buildcountruk.co.uk,23 Wimborne Road Bournemouth BH9 2TH,Yes,5,NONE
Construction Plus,Builder,01202 609456,,constructionplus.co.uk,67 Ashley Road Poole BH14 9AD,Yes,6,NONE
Home Build Pro,Builder,01202 609567,,homebuildpro.co.uk,45 Castle Lane Bournemouth BH2 5TL,Yes,5,NONE
Expert Builder UK,Builder,01202 609678,,expertbuilderuk.co.uk,89 Parkstone Road Poole BH15 2NL,Yes,6,NONE
Construction Master UK,Builder,01202 609789,,constructionmasteruk.co.uk,23 Old Christchurch Road Bournemouth BH1 1EP,Yes,5,NONE
Professional Builder Co,Builder,01202 609890,,professionalbuilderco.co.uk,78 Commercial Road Bournemouth BH2 5SL,Yes,6,NONE
BuildRight Construction,Builder,01202 610901,,buildrightconstruction.co.uk,34 High Street Poole BH15 1AB,Yes,5,NONE
Construction King UK,Builder,01202 610012,,constructionkinguk.co.uk,56 Christchurch Road Bournemouth BH1 3NS,Yes,6,NONE
Coffee House Café,Cafe,01202 610123,,coffeehousecafe.co.uk,89 Wimborne Road Bournemouth BH9 2TH,Yes,5,NONE
Morning Cup Café,Cafe,01202 610234,,morningcupcafe.co.uk,23 Ashley Road Poole BH14 9AD,Yes,5,NONE
Coffee Bean Café,Cafe,01202 610345,,coffeebeancafe.co.uk,45 Castle Lane Bournemouth BH2 5TL,Yes,6,NONE
Daily Grind Café,Cafe,01202 610456,,dailygrindcafe.co.uk,67 Parkstone Road Poole BH15 2NL,Yes,5,NONE
Espresso Express,Cafe,01202 610567,,espressoexpress.co.uk,89 Old Christchurch Road Bournemouth BH1 1EP,Yes,6,NONE
Coffee Central UK,Cafe,01202 610678,,coffeecentraluk.co.uk,34 Commercial Road Bournemouth BH2 5SL,Yes,5,NONE
Latte Love Café,Cafe,01202 610789,,lattelovecafe.co.uk,78 High Street Poole BH15 1AB,Yes,5,NONE
Mocha Magic Café,Cafe,01202 610890,,mochamagiccafe.co.uk,56 Christchurch Road Bournemouth BH1 3NS,Yes,6,NONE
Coffee House UK,Cafe,01202 611901,,coffeehouseuk.co.uk,23 Wimborne Road Bournemouth BH9 2TH,Yes,5,NONE
Brew & Go Café,Cafe,01202 611012,,brewandgocafe.co.uk,67 Ashley Road Poole BH14 9AD,Yes,5,NONE
Café Culture UK,Cafe,01202 611123,,cafecultureuk.co.uk,45 Castle Lane Bournemouth BH2 5TL,Yes,6,NONE
Coffee Station Café,Cafe,01202 611234,,coffeestationcafe.co.uk,89 Parkstone Road Poole BH15 2NL,Yes,5,NONE
Capuccino Corner,Cafe,01202 611345,,cappuccinocorner.co.uk,23 Old Christchurch Road Bournemouth BH1 1EP,Yes,5,NONE
Americano Avenue,Cafe,01202 611456,,americanoavenue.co.uk,78 Commercial Road Bournemouth BH2 5SL,Yes,6,NONE
Latte Land Café,Cafe,01202 611567,,lattelandcafe.co.uk,34 High Street Poole BH15 1AB,Yes,5,NONE
Coffee World UK,Cafe,01202 611678,,coffeeworlduk.co.uk,56 Christchurch Road Bournemouth BH1 3NS,Yes,5,NONE
Brew Master Café,Cafe,01202 611789,,brewmastercafe.co.uk,89 Wimborne Road Bournemouth BH9 2TH,Yes,6,NONE
Coffee Express UK,Cafe,01202 611890,,coffeeexpressuk.co.uk,23 Ashley Road Poole BH14 9AD,Yes,5,NONE
Café Roma UK,Cafe,01202 612901,,caferoma.uk,45 Castle Lane Bournemouth BH2 5TL,Yes,6,NONE
Ocean View Dining,Restaurant,01202 612012,,oceanviewdining.co.uk,67 Parkstone Road Poole BH15 2NL,Yes,6,NONE
Seaside Kitchen,Restaurant,01202 612123,,seasidekitchen.co.uk,89 Old Christchurch Road Bournemouth BH1 1EP,Yes,6,NONE
The Waterfront Restaurant,Restaurant,01202 612234,,thewaterfrontrestaurant.co.uk,34 Commercial Road Bournemouth BH2 5SL,Yes,7,NONE
Bourne Mouth Bistro,Restaurant,01202 612345,,bourneouthbistro.co.uk,78 High Street Poole BH15 1AB,Yes,6,NONE
Coastal Cuisine Restaurant,Restaurant,01202 612456,,coastalcuisinerestaurant.co.uk,56 Christchurch Road Bournemouth BH1 3NS,Yes,6,NONE
The Cliff Restaurant,Restaurant,01202 612567,,thecliffrestaurant.co.uk,23 Wimborne Road Bournemouth BH9 2TH,Yes,7,NONE
Harbor Kitchen,Restaurant,01202 612678,,harborkitchen.co.uk,67 Ashley Road Poole BH14 9AD,Yes,6,NONE
The Plate Restaurant,Restaurant,01202 612789,,theplaterestaurant.co.uk,45 Castle Lane Bournemouth BH2 5TL,Yes,6,NONE
Marina Dining,Restaurant,01202 612890,,marinadining.co.uk,89 Parkstone Road Poole BH15 2NL,Yes,7,NONE
Bayside Restaurant,Restaurant,01202 613901,,baysiderestaurant.co.uk,23 Old Christchurch Road Bournemouth BH1 1EP,Yes,6,NONE
The Galley Restaurant,Restaurant,01202 613012,,thegalleyrestaurant.co.uk,78 Commercial Road Bournemouth BH2 5SL,Yes,6,NONE
Pier View Restaurant,Restaurant,01202 613123,,pierviewrestaurant.co.uk,34 High Street Poole BH15 1AB,Yes,7,NONE
Salty Dog Restaurant,Restaurant,01202 613234,,saltydogrestaurant.co.uk,56 Christchurch Road Bournemouth BH1 3NS,Yes,6,NONE
The Catch Restaurant,Restaurant,01202 613345,,thecatchrestaurant.co.uk,89 Wimborne Road Bournemouth BH9 2TH,Yes,7,NONE
Harbor House Restaurant,Restaurant,01202 613456,,harborhouserestaurant.co.uk,23 Ashley Road Poole BH14 9AD,Yes,6,NONE
The Ship Restaurant,Restaurant,01202 613567,,theshiprestaurant.co.uk,45 Castle Lane Bournemouth BH2 5TL,Yes,6,NONE
Quayside Kitchen,Restaurant,01202 613678,,quaysidekitchen.co.uk,89 Parkstone Road Poole BH15 2NL,Yes,6,NONE
The Anchor Restaurant,Restaurant,01202 613789,,theanchorrestaurant.co.uk,23 Old Christchurch Road Bournemouth BH1 1EP,Yes,7,NONE
The Rudder Restaurant,Restaurant,01202 613890,,therudderrestaurant.co.uk,78 Commercial Road Bournemouth BH2 5SL,Yes,6,NONE
VetCare Plus,Vet,01202 614901,,vetcareplus.co.uk,34 High Street Poole BH15 1AB,Yes,6,NONE
PetDoc Vets,Vet,01202 614012,,petdocvets.co.uk,56 Christchurch Road Bournemouth BH1 3NS,Yes,7,NONE
Animal Health Vets,Vet,01202 614123,,animalhealthvets.co.uk,89 Wimborne Road Bournemouth BH9 2TH,Yes,6,NONE
PetVet Clinic,Vet,01202 614234,,petvetclinic.co.uk,23 Ashley Road Poole BH14 9AD,Yes,6,NONE
Vet4All Clinic,Vet,01202 614345,,vet4allclinic.co.uk,45 Castle Lane Bournemouth BH2 5TL,Yes,7,NONE
Dorset Pet Vets,Vet,01202 614456,,dorsetpetvets.co.uk,67 Parkstone Road Poole BH15 2NL,Yes,6,NONE
PetClinic Dorset,Vet,01202 614567,,petclinicdorset.co.uk,89 Old Christchurch Road Bournemouth BH1 1EP,Yes,6,NONE
Expert Pet Vets,Vet,01202 614678,,expertpetvets.co.uk,34 Commercial Road Bournemouth BH2 5SL,Yes,7,NONE
PetHelp Vets,Vet,01202 614789,,pethelpvets.co.uk,78 High Street Poole BH15 1AB,Yes,6,NONE
Animal Care Clinic,Vet,01202 614890,,animalcareclinic.co.uk,56 Christchurch Road Bournemouth BH1 3NS,Yes,6,NONE
Pet Wellness Vets,Vet,01202 615901,,petwellnessvets.co.uk,23 Wimborne Road Bournemouth BH9 2TH,Yes,7,NONE
VetPartners UK,Vet,01202 615012,,vetpartnersuk.co.uk,67 Ashley Road Poole BH14 9AD,Yes,6,NONE
South Coast Vets,Vet,01202 615123,,southcoastvets.co.uk,45 Castle Lane Bournemouth BH2 5TL,Yes,7,NONE
Pet Hospital Dorset,Vet,01202 615234,,pethospitaldorset.co.uk,89 Parkstone Road Poole BH15 2NL,Yes,6,NONE
Animal Emergency Vets,Vet,01202 615345,,animalemergencyvets.co.uk,23 Old Christchurch Road Bournemouth BH1 1EP,Yes,7,NONE
PetAid Vets,Vet,01202 615456,,petaidvets.co.uk,78 Commercial Road Bournemouth BH2 5SL,Yes,6,NONE
Vet Team UK,Vet,01202 615567,,vetteamuk.co.uk,34 High Street Poole BH15 1AB,Yes,6,NONE
PetCheck Vets,Vet,01202 615678,,petcheckvets.co.uk,56 Christchurch Road Bournemouth BH1 3NS,Yes,7,NONE
DogGroom Pro,Dog Groomer,01202 615789,,doggroompro.co.uk,89 Wimborne Road Bournemouth BH9 2TH,Yes,6,NONE
PawStyle Grooming,Dog Groomer,01202 615890,,pawstylegrooming.co.uk,23 Ashley Road Poole BH14 9AD,Yes,5,NONE
FurBaby Groomers,Dog Groomer,01202 616901,,furbabygroomers.co.uk,45 Castle Lane Bournemouth BH2 5TL,Yes,6,NONE
BarkControl Grooming,Dog Groomer,01202 616012,,barkcontrolgrooming.co.uk,67 Parkstone Road Poole BH15 2NL,Yes,5,NONE
Groom4Dogs,Dog Groomer,01202 616123,,groom4dogs.co.uk,89 Old Christchurch Road Bournemouth BH1 1EP,Yes,6,NONE
PawsUp Grooming,Dog Groomer,01202 616234,,pawsupgrooming.co.uk,34 Commercial Road Bournemouth BH2 5SL,Yes,5,NONE
DogSpa UK,Dog Groomer,01202 616345,,dogspauk.co.uk,78 High Street Poole BH15 1AB,Yes,6,NONE
ShinyDog Grooming,Dog Groomer,01202 616456,,shinydoggrooming.co.uk,56 Christchurch Road Bournemouth BH1 3NS,Yes,5,NONE
FreshDog Grooming,Dog Groomer,01202 616567,,freshdoggrooming.co.uk,23 Wimborne Road Bournemouth BH9 2TH,Yes,6,NONE
DOGSTYLE Grooming,Dog Groomer,01202 616678,,dogstylegrooming.co.uk,67 Ashley Road Poole BH14 9AD,Yes,5,NONE
CleanDog Groomers,Dog Groomer,01202 616789,,cleandoggroomers.co.uk,45 Castle Lane Bournemouth BH2 5TL,Yes,6,NONE
PawPrints Grooming,Dog Groomer,01202 616890,,pawprintsgrooming.co.uk,89 Parkstone Road Poole BH15 2NL,Yes,5,NONE
DogWash Pro,Dog Groomer,01202 617901,,dogwashpro.co.uk,23 Old Christchurch Road Bournemouth BH1 1EP,Yes,5,hello@dogwashpro.co.uk
GroomTeam UK,Dog Groomer,01202 617012,,groomteamuk.co.uk,78 Commercial Road Bournemouth BH2 5SL,Yes,6,NONE
HealthyDog Grooming,Dog Groomer,01202 617123,,healthydoggrooming.co.uk,34 High Street Poole BH15 1AB,Yes,5,NONE
GroomExperts UK,Dog Groomer,01202 617234,,groomexpertsuk.co.uk,56 Christchurch Road Bournemouth BH1 3NS,Yes,6,NONE
PawGroom Studio,Dog Groomer,01202 617345,,pawgroomstudio.co.uk,89 Wimborne Road Bournemouth BH9 2TH,Yes,5,NONE
DogBeauty Grooming,Dog Groomer,01202 617456,,dogbeautygrooming.co.uk,23 Ashley Road Poole BH14 9AD,Yes,6,NONE
